video_id,category,title,publishedAt,viewCount,likeCount,commentCount,durationMinutes,durationSeconds
j1fl4xglUBs,recommendation,8 SUMMER PERFUMES THAT WILL MAKE YOU SMELL LUXURIOUS,2024-08-01T13:41:56Z,512.0,74.0,6.0,11,42
-20OO2Tkz0Q,recommendation,7 Hyped Perfumes That Are Actually Worth The Hype,2024-07-27T11:00:00Z,13075.0,633.0,60.0,11,21
1PcXwt8-zj0,fun,"HOUSE UPDATES | NEW VALENTINO PERFUME, WORKING IN THE GARDEN | Monika Cioch",2024-07-25T11:36:45Z,4446.0,278.0,41.0,25,39
EtUhxgoIuyM,shorts,7 Hyped Perfumes That Are Actually Worth It   #perfumes  #topfragrances,2024-07-23T20:07:47Z,38780.0,1494.0,24.0,1,0
AikGemNjGAI,review,MAN REACTS TO KAYALI PERFUMES,2024-07-22T11:09:48Z,8790.0,610.0,54.0,12,59
9aHU5XG1Wgs,fun,24H IN PARIS | Monika Cioch,2024-07-19T11:00:08Z,5093.0,338.0,47.0,28,6
tw-SIwCkf6U,fun,"Our New Home | settling in, unpacking, making a house feel like a home",2024-07-16T11:00:59Z,6055.0,357.0,64.0,23,20
DfFjRPLJMGg,recommendation,MY 5 FAVOURITE PERFUMES NOW | Monika Cioch,2024-07-13T10:45:00Z,26368.0,1041.0,41.0,9,45
GGHnhXZyCpQ,fun,"WE FINALLY MOVED | garden tour, getting the keys üîë Monika Cioch",2024-07-10T11:00:26Z,7090.0,571.0,72.0,13,57
F0WsfDqT6Kk,fun,Packing My Entire Fragrance Collection üì¶ Moving House | Monika Cioch,2024-07-06T11:00:11Z,6425.0,368.0,26.0,13,36
UIZe2-KLCDk,fun,Closet Clear Out | DECLUTTERING before moving | Monika Cioch,2024-06-25T13:08:16Z,4646.0,194.0,26.0,47,51
wnbgqiWDmko,recommendation,8 MOST FEMININE PERFUMES YOU CAN BUY,2024-06-22T11:00:54Z,13338.0,662.0,46.0,12,12
gq6IGibl6EA,recommendation,10 LUXURY PERFUMES THAT ARE WORTH EVERY PENNYüí∞,2024-06-18T13:54:12Z,15237.0,776.0,66.0,15,21
r6QhScfXPxg,recommendation,ANOTHER 10 PERFUMES I'LL NEVER STOP RECOMMENDING FOR THE REST OF MY LIFE,2024-06-13T11:54:49Z,16640.0,877.0,55.0,18,24
rLdbEFWGwg8,recommendation,25 MOST POPULAR PERFUMES RATED BY MAN üí•,2024-06-09T11:00:46Z,90086.0,3104.0,259.0,20,52
8JEqd1el-t0,recommendation,10 Perfumes That Will Make You Unforgettable To Men | best perfumes,2024-06-06T13:05:35Z,28533.0,1279.0,68.0,22,34
7THSxEaxwn0,recommendation,TOP 10 SUMMER DESIGNER PERFUMES FOR WOMEN,2024-06-01T11:15:00Z,24856.0,1070.0,54.0,14,51
r7aRwrfOJAw,recommendation,TOP 3 PERFUMES FOR EACH SEASON | Top 12 Perfumes For Women,2024-05-27T13:04:08Z,15970.0,834.0,58.0,17,14
jG_H1_4NW4M,recommendation,I OWN HUNDREDS OF FRAGRANCES BUT THESE 15 PERFUMES I'LL NEVER STOP RECOMMENDING,2024-05-19T11:00:36Z,29521.0,1267.0,77.0,23,26
F3ZGNcj4DYc,recommendation,MY 10 FAVE PERFUMES THAT ARE NOT DESIGNER | Monika Cioch,2024-05-15T12:19:50Z,11141.0,614.0,37.0,16,52
QafB1FhPvPU,recommendation,My Husband's 8 Favourite Women's Fragrances Right Now,2024-05-11T11:00:30Z,26243.0,1108.0,74.0,12,44
y0GDhzW3Nzs,recommendation,10 OVERALL BEST WOMEN'S FRAGRANCES TO WEAR IN 2024,2024-05-05T12:30:20Z,67229.0,2075.0,115.0,15,42
Zl4uQrLrtTY,recommendation,TOP 13 SUMMER ‚òÄÔ∏è PERFUMES FOR WOMEN 2024,2024-05-01T12:46:55Z,34617.0,1171.0,118.0,18,31
6tDRDJbSRDc,recommendation,13 SEDUCTIVE & GOURMAND PERFUMES FOR WOMEN,2024-04-27T11:00:05Z,10646.0,631.0,37.0,19,7
Hg9JfTW87Qk,fun,LIFE UPDATE | Monika Cioch,2024-04-23T11:00:13Z,11523.0,499.0,73.0,29,11
cBE5mMoCaR0,recommendation,Top 14 STRONGEST PERFUMES FOR WOMEN,2024-04-20T11:00:33Z,16161.0,760.0,59.0,19,2
V_kXclk1MX4,recommendation,Top Perfumes For Women 30+,2024-04-14T12:28:02Z,12777.0,585.0,60.0,16,42
xYFNL0GrPP4,review,"MAN REACTS TO 16 SEXIEST PERFUMES FOR WOMEN 2024 | Burberry, Givenchy, Lancome, Armani",2024-04-11T12:02:02Z,129446.0,3739.0,181.0,17,13
mUNoUlkyxwA,recommendation,10 PERFUMES FOR WOMEN THAT WILL GET YOU COMPLIMENTS FROM MEN,2024-04-07T11:00:39Z,25301.0,1138.0,62.0,15,45
XiSrzFbW7LA,recommendation,Top 10 SPRING DESIGNER Perfumes For Women üå∏,2024-04-04T12:52:51Z,16050.0,794.0,56.0,15,8
ujpi68cOqr4,recommendation,Top 10 Everyday Long-Lasting Perfumes For Women,2024-03-30T10:00:47Z,25021.0,990.0,35.0,15,57
3Z737oiEqrI,recommendation,9 CROWD PLEASING PERFUMES FOR WOMEN,2024-03-23T14:34:33Z,25832.0,988.0,82.0,14,53
1FIr_dM90PY,shorts,ALL TIME BEST DESIGNER EVERYDAY PERFUMES part 2 #womensfragrances #designerperfumes,2024-03-21T15:28:54Z,18838.0,832.0,10.0,1,0
-FsCCm--_m4,shorts,ALL TIME BEST EVERYDAY DESIGNER PERFUMES part 1 #perfume #womensfragrances,2024-03-20T10:59:02Z,49198.0,2548.0,34.0,0,57
m2jrrQVyh6o,recommendation,My Favourite Perfumes To Wear Now | Monika Cioch,2024-03-16T12:00:49Z,19611.0,788.0,61.0,12,12
0KUUvGrC_rI,recommendation,8 Perfumes You Shouldn't Sleep On | underrated fragrances for women,2024-03-14T12:00:01Z,10403.0,545.0,44.0,13,34
rT5yAVk-KN0,recommendation,9 DESIGNER PERFUMES I CANNOT LIVE WITHOUT | top fragrances for women,2024-03-11T12:48:58Z,35079.0,1503.0,70.0,12,45
9jZbYAWnh8s,review,Gaultier Divine Perfume Review | Is it worth your money?,2024-03-06T10:30:06Z,6828.0,273.0,33.0,8,1
QNCb6JaURfo,review,BURBERRY HER Fragrance Line Comparison,2024-03-02T11:35:54Z,26782.0,733.0,63.0,8,15
KdRBVgB0ywc,recommendation,Top 10 SPRING Fragrances For Women 2024,2024-02-29T11:30:15Z,31476.0,1307.0,61.0,15,4
8oJFFuxv-CA,review,MAN REACTS TO TOP 15 PERFUMES FOR WOMEN 2024,2024-02-24T12:00:08Z,281782.0,6136.0,309.0,20,37
snENW8bSgNI,recommendation,TOP 10 SEXIEST PERFUMES FOR WOMEN 2024,2024-02-17T11:30:31Z,79512.0,1642.0,83.0,8,17
mHwpuM-dZxw,fun,ANXIETY PROGRESS 5 MONTHS IN | what has helped so far,2024-02-12T13:00:42Z,4883.0,338.0,62.0,18,1
3LQLEdfaiDc,recommendation,TOP 1ST DATE PERFUMES FOR WOMEN | don't give 'desperate girl' vibes,2024-02-10T12:00:02Z,15281.0,839.0,69.0,17,50
HoLUX1Op7cQ,recommendation,TOP 10 SIGNATURE PERFUMES FOR WOMEN,2024-02-05T12:37:10Z,24060.0,962.0,56.0,15,37
EP_ojeA-ens,recommendation,10 NICHE FRAGRANCES I CANNOT LIVE WITHOUT | Monika Cioch,2024-02-03T12:00:11Z,24504.0,5311.0,161.0,19,52
TsLUcOWGgQ8,recommendation,Top 12 ROSE üåπ Perfumes For Women,2024-02-01T12:00:23Z,15686.0,687.0,83.0,19,55
6V4dNa69QKM,fun,BUYING DECOR FOR THE NEW HOUSE WENT WRONG | Monika Cioch,2024-01-29T14:30:02Z,3625.0,190.0,19.0,33,1
Z0Igr9vVZzA,recommendation,TOP 10 LONG-LASTING PERFUMES FOR WOMEN,2024-01-26T15:45:01Z,24801.0,862.0,28.0,17,44
HuOhvUg4dPk,fun,"Sushi Date, Beauty Favourites & Being a Homebody | MONIKA CIOCH",2024-01-22T12:00:15Z,3485.0,247.0,37.0,22,33
pzov2fRcCWM,recommendation,9 AMAZING COLD WEATHER PERFUMES FOR WOMEN,2024-01-20T11:00:47Z,9335.0,643.0,38.0,15,11
paKLU6sjpGU,fun,Adult friendships suck | Monika Cioch,2024-01-16T12:59:19Z,10170.0,524.0,173.0,25,47
__yGIoTpHfE,recommendation,My Job Is To Find THE BEST PERFUMES & These 8 You Can't Miss Out On,2024-01-13T10:30:15Z,19330.0,785.0,60.0,15,47
_li5Zb1yIvI,fashion,"BEST AND WORST PURCHASES OF LAST YEAR  | Chanel, Currentbody, Amouage, YSL",2024-01-09T12:00:35Z,7393.0,336.0,20.0,26,9
_UFN6wiIT-0,recommendation,11 PERFUMES THAT EVERY MAN LOVES TO SMELL ON A WOMAN | top fragrances to attract men,2024-01-06T12:00:24Z,45269.0,1545.0,97.0,16,59
XThkNxyE10M,fashion,"My Jewellery Collection 2024 | Cartier, Mejuri, Vintage, Jane Koening | Monika Cioch",2024-01-04T12:28:25Z,16424.0,456.0,31.0,27,11
EhzsmJ4rWBo,review,MAN RANKS ALL DELINA PERFUMES FROM BEST TO WORST,2024-01-01T11:00:09Z,23658.0,676.0,42.0,8,2
MenAQp_gnLI,review,RATING 14 CELEBRITIES SIGNATURE PERFUMES,2023-12-26T11:00:28Z,37375.0,1413.0,126.0,19,53
Ei2-s6kzJN8,recommendation,11 SUPER ADDICTIVE Smelling Perfumes For Women,2023-12-22T10:30:04Z,20779.0,847.0,47.0,17,10
__Qbk0T0jA4,fun,GETTING MY LIFE TOGETHER | Monika Cioch,2023-12-19T13:13:54Z,5020.0,204.0,21.0,10,47
g_lz8pfml6o,recommendation,TOP 10 MOST COMPLIMENTED PERFUMES,2023-12-16T12:00:35Z,79357.0,1990.0,132.0,17,41
0S2ddsUvU7Y,fashion,CARTIER LOVE BRACELET REVIEW | Is it worth the money?,2023-12-13T12:30:38Z,19934.0,258.0,49.0,15,44
lp2EtPkAOuM,informative,PRADA PARADOXE EDP vs INTENSE | which one is the one for you?,2023-12-10T12:00:35Z,21711.0,565.0,38.0,9,48
u0Eu9gsAbcs,recommendation,TOP 11 EVERYDAY ALL-YEAR-ROUND Perfumes For Women | these will make you smell gorgeous ü•∞,2023-12-07T15:24:49Z,32396.0,1174.0,48.0,20,31
BqsMWjTsgCs,fun,COME LUXURY SHOPPING WITH ME & my night time routine vlog | Monika Cioch,2023-12-04T14:24:07Z,8204.0,354.0,34.0,32,22
6mg1cELVc2Y,recommendation,Top 10 WINTER PERFUMES FOR WOMEN | DESIGNER EDITION,2023-12-02T12:00:05Z,19213.0,926.0,57.0,16,29
E3hzj9HDvPQ,review,MAN REACTS TO TOP 10 SEXY PERFUMES FOR WOMEN,2023-11-30T16:36:11Z,38732.0,1102.0,70.0,16,55
XgpC53gMSxw,fun,Let's decorate for Christmas Vlog | Monika Cioch,2023-11-27T12:00:27Z,3933.0,220.0,32.0,36,39
iG_hht_Rbiw,recommendation,Top 15 CLASSY PERFUMES For Women | Fragrances That Never Go Out Of Style,2023-11-25T12:00:39Z,23760.0,876.0,51.0,18,10
_CtthS62gsA,recommendation,10 Fragrances For Women You'll NEVER REGRET Buying | Niche & Designer SAFE BET Perfumes,2023-11-22T13:25:26Z,41340.0,1321.0,87.0,16,30
paha0GSG29Y,recommendation,11 ABSOLUTE BEST VANILLA PERFUMES FOR WOMEN,2023-11-18T12:30:35Z,25546.0,1109.0,98.0,21,31
bCFq7KchBbk,fashion,HERMES BIRKIN AFTER ONE YEAR | do I regret buying it... | Monika Cioch,2023-11-16T12:23:11Z,5744.0,173.0,31.0,18,53
G_mDf-LIq_8,fun,CAN'T BELIEVE THIS IS MY LIFE | Monika Cioch,2023-11-13T14:51:59Z,7922.0,311.0,22.0,21,41
XPavF16nSpc,recommendation,Top 10 NICHE WINTER PERFUMES FOR WOMEN 2023/24,2023-11-11T12:00:25Z,14459.0,748.0,35.0,19,47
GjdnVviMIdA,recommendation,10 DESIGNER PERFUMES I CANNOT LIVE WITHOUT | Monika Cioch,2023-11-09T12:00:23Z,23236.0,1084.0,68.0,17,46
9iKxTNJQRSQ,fun,social media is not for me | Monika Cioch,2023-11-06T14:02:35Z,10904.0,540.0,103.0,26,3
jw_aYxQqCRg,informative,Armani Si Eau de Parfum vs Si Intense | Which One Is Better?,2023-11-04T12:00:44Z,18050.0,390.0,30.0,9,9
RVJUGKdyg-c,fun,PERFUMES I'VE BEEN WEARING THIS WEEK + chit chat,2023-11-02T12:27:21Z,6275.0,349.0,26.0,14,32
xxFzu8JhzaY,recommendation,TOP 10 PERFUMES FOR WOMEN EVER ü•∞ | Monika Cioch's husband edition,2023-10-31T12:35:14Z,127416.0,3444.0,152.0,15,53
tZrFFKCjxKw,recommendation,TOP 10 HEAD TURNER PERFUMES FOR WOMEN,2023-10-28T13:03:08Z,22550.0,829.0,41.0,18,43
ZXDEYS2bNgQ,fun,I'M DOING THIS FOR HIM | Monika Cioch,2023-10-25T11:28:46Z,4986.0,217.0,31.0,27,11
5JhR5MqFYBc,recommendation,8 BEST PERFUME PURCHASES OF 2023,2023-10-21T11:30:03Z,19433.0,739.0,55.0,16,18
vbzp4FLDPk4,fun,"Q&A | How Much Do I Spend On Perfumeüí∞, Moving House? | Monika Cioch",2023-10-18T11:59:54Z,8074.0,461.0,42.0,18,52
xnylKtdelWk,review,CREED CARMINA REVIEW | watch before you buy,2023-10-16T13:28:25Z,9405.0,313.0,28.0,7,20
rP4DG69nmMU,recommendation,My 12 All-Time Favourite Niche Perfumes,2023-10-14T11:30:31Z,22028.0,814.0,56.0,16,38
eAVmbZCVo-k,fun,NEW CAR & FINALLY EXPANDING MY PERFUME STORAGE | Monika Cioch,2023-10-11T13:24:41Z,6451.0,252.0,32.0,21,39
3ol01ZFHKt4,recommendation,Dream Minimalistic Perfume Collection | 3 PERFUMES FOR LIFE,2023-10-09T11:30:03Z,27010.0,984.0,55.0,12,26
f7eJaAVKVX8,recommendation,THE MOST POPULAR PERFUMES OF 2023 Rated By Man,2023-10-07T11:00:34Z,68075.0,1544.0,95.0,13,22
1C71F1QPPT8,fun,EVERYTHING HAS CHANGED | Monika Cioch,2023-10-03T14:21:46Z,11578.0,471.0,49.0,19,21
LzIyqSuoZPQ,recommendation,11 PERFUMES MEN GO CRAZY FOR üòç,2023-09-30T11:00:15Z,151670.0,3137.0,154.0,17,18
dRQ0gZw3UYs,recommendation,TOP 10 NICHE FALL PERFUMES For Women 2023,2023-09-25T13:11:32Z,16416.0,637.0,68.0,17,22
aa4yI-Fke8E,fashion,"My Favourite Perfumes and Jewellery Pieces Now | HELAS, Zadig&Voltaire, Xerjoff...",2023-09-23T11:30:01Z,6953.0,285.0,18.0,15,2
4iXOFWz2EHE,fun,"i'm not ok | mental health, norway trip, starting therapy vlog",2023-09-19T12:00:06Z,13120.0,630.0,126.0,16,18
1Ka7SnAOjJM,recommendation,THE BEST DESIGNER PERFUME RELEASES FOR WOMEN 2023 so far,2023-09-17T11:00:02Z,17916.0,609.0,35.0,12,41
YfU_e6S_Oqw,recommendation,My Husband Chooses Only 10 Perfumes From My Collection I'd Have To Keep For The Rest of My Life ü´£üòÖ,2023-09-10T11:00:21Z,106513.0,2890.0,136.0,19,24
Mi1KrZgl52g,fun,FALL/AUTUMN OUTFIT IDEAS | 7 days 7 looks 7 perfumes,2023-09-08T12:00:18Z,4315.0,229.0,17.0,9,21
1Xv7RCS3JaA,recommendation,TOP 10 FALL PERFUMES FOR WOMEN 2O23,2023-09-02T11:52:11Z,35352.0,1480.0,67.0,14,54
FAM3s7tPp2s,recommendation,15 MUST OWN PERFUMES To Build an Amazing Fragrance Collection From Scratch,2023-08-31T11:50:13Z,11261.0,466.0,20.0,17,38
VC7w59w3_mY,informative,The Best Fragrances For Women From Tom Ford | Perfume Buying Guide,2023-08-28T10:48:20Z,21250.0,518.0,51.0,14,50
m5K2O-o0jGQ,recommendation,TOP ALTERNATIVES TO POPULAR WOMEN'S PERFUMES That Will Blow Your Mind (not dupes),2023-08-22T11:00:40Z,12392.0,503.0,26.0,16,17
4PyZ_Dx6sMo,recommendation,12 STRONG PERFUMES FOR WOMEN that are still super wearable | top fragrances for women,2023-08-17T13:47:51Z,19082.0,968.0,25.0,15,39
RBVQAyhuwbE,recommendation,11 PERFUMES for women you can wear ALL YEAR ROUND | Top Fragrances For Women,2023-08-13T11:30:18Z,32729.0,736.0,177.0,17,48
pmVfbXhalx4,recommendation,10 Effortlessly Attractive Smelling Perfumes For Women,2023-08-10T10:40:25Z,23657.0,785.0,49.0,17,47
PoSOY_Hvs2o,fashion,"NEW IN FASHION HAUL | Blumarine, Reformation | Monika Cioch",2023-08-07T15:22:50Z,2457.0,93.0,10.0,8,7
YzCgmCMfFcQ,recommendation,I test fragrances for living and this is my ALL TIME TOP 20 PERFUMES FOR WOMEN,2023-08-05T11:30:56Z,105576.0,2640.0,109.0,20,55
pkl1jKyBFoY,recommendation,MY 5 FAVOURITE PERFUMES | I‚Äôve tested tons of perfumes this month but these were the best,2023-08-01T12:39:46Z,12675.0,463.0,35.0,9,0
pz_kuGA8Aq0,recommendation,10 BARBIE SIGNATURE PERFUMES,2023-07-29T12:00:44Z,6703.0,366.0,39.0,10,54
5Roeyi7fbaI,recommendation,7 POPULAR PERFUMES I'D SKIP & WHAT I'D GET INSTEAD,2023-07-25T13:54:33Z,16908.0,576.0,94.0,13,54
gkT1w_9OyiI,recommendation,TOP 13 WEDDING PERFUMES FOR ALL SEASONS,2023-07-22T11:37:18Z,11828.0,589.0,22.0,15,47
KxwXa1pAK5c,review,"MAN RATES 10 POPULAR DESIGNER HANDBAGS | Dior, Hermes, Gucci, Bottega Veneta, Louis Vuitton...",2023-07-19T11:30:12Z,4445.0,167.0,22.0,20,32
-17PWt4b8I8,recommendation,"TOP STRONGEST PERFUMES FOR WOMEN  | Chopard, Tom Ford, Nishane",2023-07-15T11:45:00Z,11499.0,436.0,73.0,15,39
GctYq9JTLOI,informative,VALENTINO DONNA BORN IN ROMA EDP vs EDP Intense,2023-07-13T11:30:06Z,45651.0,697.0,52.0,8,53
OOAY0cXqNoE,recommendation,MY HUSBAND‚ÄôS 6 FAVOURITE PERFUMES RIGHT NOW,2023-07-09T14:03:03Z,30793.0,981.0,33.0,8,41
qEFxmCcO96U,recommendation,I OWN 700 PERFUMES BUT THESE ARE 13 I‚ÄôVE PUT THE BIGGEST DENT INü´£Most empty bottles in my collection,2023-07-02T10:00:39Z,34988.0,1038.0,81.0,15,53
A4ZWBs4HEMI,fashion,7 Days 7 Looks 7 Perfumes | SUMMER WARDROBE 2023 | Outfit Ideas 2023,2023-06-29T11:00:15Z,4762.0,224.0,22.0,8,42
qEkQ25M3HAw,review,"MAN REACTS TO 20 MEN KILLER PERFUMES FOR WOMEN | Chanel, Dior, Byredo, Versace",2023-06-24T10:10:21Z,545671.0,12823.0,542.0,18,43
UheYdjhkeaA,recommendation,"11 FRESH & LONG-LASTING PERFUMES FOR WOMEN | PDM, YSL, Ex Nihilo, Diptyque, Initio ect...",2023-06-17T12:00:25Z,44557.0,1138.0,61.0,16,51
3k1QtnpZIBw,recommendation,5 DESIGNER PERFUMES EVERY WOMAN NEEDS,2023-06-15T12:00:03Z,10656.0,461.0,16.0,8,8
dZ1-KIovBCk,recommendation,9 NICHE PERFUMES THAT ARE TOTALLY WORTH THE MONEY | best niche perfumes,2023-06-13T11:00:36Z,19096.0,656.0,43.0,15,17
yzKIVsb0_sU,recommendation,10 DESIGNER PERFUMES I'LL REPURCHASE FOREVER,2023-06-08T11:30:19Z,34058.0,1136.0,88.0,12,21
khVS2WEoVTs,recommendation,5 FAVOURITE PERFUME DISCOVERIES THIS YEAR 2023,2023-06-03T10:51:25Z,6952.0,342.0,24.0,8,1
Bh9qLQLeu7k,review,"MAN REACTS TO CREED PERFUMES FOR WOMEN | Aventus For Her, Wind Flowers, Love In White etc.",2023-06-01T12:35:57Z,27291.0,627.0,61.0,15,44
We1FDDgbcLQ,recommendation,10/10 SHOW STOPPING PERFUMES FOR WOMEN | Niche & designer,2023-05-29T12:11:15Z,18638.0,637.0,60.0,17,44
48b7ABT2gwU,fashion,7 Days 7 Looks 7 Perfumes | SPRING/SUMMER WARDROBE 2023 | Outfit Ideas,2023-05-25T12:50:58Z,5903.0,317.0,35.0,12,10
lTtrv8MTc-g,recommendation,TOP 10 MOST FEMININE PERFUMES FOR WOMEN 2023,2023-05-23T11:00:27Z,29583.0,762.0,46.0,14,27
xZfpW8OgfpU,recommendation,TOP 10 SUMMER PERFUMES FOR WOMEN 2023,2023-05-19T11:47:07Z,39588.0,921.0,38.0,12,6
C0BCGSaCk48,fun,VLOG | Royal Windsor Horse Show 2023 With Herm√®s Paris,2023-05-17T11:33:49Z,1171.0,55.0,5.0,8,52
KuUAmgW8XJA,fashion,MY CHANEL BAG COLLECTION... and Perfumes I'd Pair Them With,2023-05-13T11:15:00Z,6937.0,196.0,24.0,13,54
KWdk3jtklWk,recommendation,10 QUIET LUXURY PERFUMES | unique & splurge worthy,2023-05-11T12:00:21Z,18315.0,629.0,37.0,16,41
bawFhgR3epY,fashion,My First Louis Vuitton Bag Unboxing | POCHETTE ACCESSOIRES,2023-05-08T10:50:23Z,34692.0,360.0,73.0,9,18
YmmtOLYJ-Dg,review,"MAN REACTS TO ALL PARFUMS DE MARLY PERFUMES | Delina, Valaya, Oriana etc.",2023-05-05T10:35:34Z,86089.0,2042.0,179.0,19,7
tUnH0QLu9KA,fun,"FAVOURITES: perfume, fashion, beauty",2023-05-01T13:46:13Z,3661.0,195.0,19.0,11,32
OzsJDoxlFGo,recommendation,10 INTOXICATING PERFUMES FOR WOMEN | huge scent trail,2023-04-29T11:30:07Z,30872.0,846.0,54.0,18,11
ezAmkIml144,review,"VERSACE CRYSTAL PERFUMES COMPARED | Crystal Noir, Yellow Diamond, Bright Crystal",2023-04-24T14:58:08Z,32495.0,529.0,54.0,11,10
OZvTHwIpV9o,fun,HOW I AFFORD LUXURY | Monika Cioch,2023-04-20T11:30:10Z,16516.0,894.0,98.0,14,54
Jfbs01mE_iU,recommendation,14 ALL TIME BEST EVERYDAY DESIGNER PERFUMES,2023-04-17T14:36:06Z,71767.0,1903.0,76.0,20,28
MAIhlfv9gIc,recommendation,8 MOST WORN PERFUMES THIS SPRING,2023-04-15T11:30:06Z,10223.0,421.0,27.0,12,1
PP9Z6zo9Qms,fun,"productive day in my life | cleaning, wardrobe switchover, clearing the inbox, walking the dog",2023-04-13T11:30:08Z,2148.0,100.0,3.0,21,18
598_Qhw8Pic,recommendation,MY 10 SIGNATURE PERFUMES,2023-04-10T11:00:04Z,20695.0,806.0,36.0,14,36
7FdkRbltyno,recommendation,Top 10 Sexy Perfumes 2023,2023-04-08T11:30:04Z,70120.0,1265.0,52.0,12,57
6Q7dDNb684M,review,VERSACE CRYSTAL NOIR vs YSL LIBRE - Which One's Better | Men React In Public To Popular Perfumes,2023-04-03T11:14:46Z,46541.0,669.0,79.0,10,52
KlryHr6jPr8,recommendation,"TOP NICHE PERFUMES FOR WOMEN 2023 | Initio, Byredo, BDK, Nishane...",2023-04-01T11:30:10Z,38931.0,1066.0,52.0,19,6
SVyQBFcbHBI,fashion,"SPRING ZARA HAUL | denim skirt trend, swimming, at home manicure | MONIKA CIOCH VLOG",2023-03-30T11:00:21Z,2982.0,91.0,4.0,20,40
djaR7Fp_2c4,review,BURBERRY HER ELIXIR EAU DE PARFUM REVIEW | better than Burberry Her Intense?,2023-03-27T14:22:56Z,28587.0,563.0,42.0,6,58
ZSk2ZNSIuoE,review,MAN REACTS TO 15 SEXIEST PERFUMES FOR WOMEN,2023-03-25T13:00:32Z,577387.0,9912.0,205.0,10,2
ElXS_RUV7Sk,recommendation,TOP 10 DATE FRAGRANCES FOR WOMEN | sexy perfumes 2023,2023-03-23T14:00:14Z,22458.0,397.0,11.0,14,15
Z3z1jHZB9iA,fun,Self-Care Saturday + new in perfumes,2023-03-21T14:04:37Z,2500.0,118.0,8.0,9,17
WZP29dsXPLE,recommendation,TOP 10 FRESH FRAGRANCES FOR WOMEN 2023,2023-03-19T12:16:58Z,19633.0,625.0,36.0,12,23
Ys0mWOlZL98,recommendation,7 PERFUMES YOU NEED,2023-03-16T13:00:21Z,10729.0,463.0,30.0,9,45
1ojGvIG626Q,review,HUSBAND RATES 13 ZARA PERFUMES FOR WOMEN | best Zara perfumes,2023-03-13T16:50:15Z,74855.0,1632.0,87.0,16,50
gbOPGSDUD7I,recommendation,Top 11 VERSATILE EVERYDAY PERFUMES ( That You Won't Be Able To Stop Wearing ),2023-03-11T12:00:25Z,19737.0,791.0,26.0,15,13
W9NOBuMfuFE,fashion,CHANEL BAG UNBOXING | mini bag,2023-03-09T12:30:13Z,8375.0,168.0,25.0,6,32
Ub5S-Rui_QQ,fun,CLEAN & ORGANISE MY ENTIRE PERFUME COLLECTION WITH ME,2023-03-06T14:58:32Z,8646.0,335.0,38.0,21,36
-yDsbw3xlog,recommendation,13 PERFUMES I'D IMMEDIATELY RUN TO REPURCHASE IF MY 600+ COLLECTION GOT STOLEN,2023-03-04T13:00:00Z,23229.0,749.0,47.0,19,1
vsuEv6yqQPQ,fun,"VLOG | NEW BLACK OPIUM LE PARFUM, HOME DECOR UPDATE, MAKING SOURDOUGH BREAD",2023-03-02T13:00:44Z,3153.0,133.0,14.0,26,25
McXPBlLowmc,fun,"VLOG | Hermes Belt Unboxing, New Perfume & Celebrating Doughnut Day üç©",2023-02-27T14:17:35Z,2955.0,97.0,25.0,16,25
bXXpkFEfmF0,recommendation,TOP 10 SUPER LONG LASTING PERFUMES FOR WOMEN,2023-02-25T12:30:16Z,47652.0,908.0,45.0,14,30
GSj0o0G5dPE,fashion,HUSBAND RATES MY NEW SPRING OUTFITS | COS TRY ON HAUL,2023-02-23T13:00:10Z,3437.0,128.0,21.0,16,38
egYjLhWov-Y,fun,"3 NEW PERFUMES, WINE TASTING & PICKING UP OUR NEW CAR  | Monika Cioch",2023-02-20T13:17:24Z,3711.0,186.0,19.0,25,10
r2liQEv49Lo,recommendation,The Only 10 Spring Perfumes You Need,2023-02-18T14:28:23Z,17946.0,624.0,47.0,15,31
8x9pwDHVDSo,fun,WHAT'S IN MY BAG 2023 | Monika Cioch,2023-02-16T13:00:11Z,6712.0,201.0,10.0,10,58
nQVxG7xw9tY,fun,DOING WHAT I FEAR THE MOST + VALENTINE'S DAY DATE | Monika Cioch,2023-02-13T13:13:09Z,2270.0,101.0,6.0,10,50
bhClc0tm2MU,recommendation,14 Perfumes You Have To Know About,2023-02-11T13:00:34Z,9099.0,409.0,16.0,16,23
IazRyS1aSGA,fashion,"Best Designer Bags EVER | Bottega, Hermes, Goyard and more",2023-02-09T13:00:11Z,3619.0,81.0,9.0,16,14
l_N1efVmLN4,recommendation,BEST CLEAN & FLORAL PERFUMES ( perfect for everyday ),2023-02-06T13:00:37Z,20450.0,581.0,31.0,13,23
HzrKVcDOjMk,fun,"Crazy perfume lady, yep that's me",2023-02-06T11:14:28Z,10547.0,365.0,19.0,0,5
larfaS4StpQ,recommendation,TOP 14 DESIGNER PERFUMES | BEST OF ALL TIME,2023-02-04T13:00:34Z,93423.0,2182.0,118.0,16,8
SYKbh3zZoqg,fun,"WEEKLY VLOG Manchester, New Perfume, Luxury Shopping,  ü•ü Trying Dim Sum for the first time",2023-02-02T12:30:26Z,4727.0,181.0,16.0,23,38
BFa1O_RFkJo,fun,LUXURY WISH LIST 2023 | timeless pieces,2023-01-30T12:47:36Z,2389.0,105.0,9.0,9,39
Efnnwf4C6v8,recommendation,I WORE OVER 100 PERFUMES LAST YEAR BUT THESE 8 GAVE ME THE MOST COMPLIMENTS,2023-01-28T13:00:07Z,10650.0,485.0,22.0,11,8
ZErrb5TxLXI,fun,"VLOG | BEST ANTI-AGING ADVICE I'VE BEEN GIVEN,  5 NEW PERFUMES, ANTIQUE SHOPPING | Monika Cioch",2023-01-26T13:14:48Z,7517.0,254.0,23.0,23,13
hpr5dgcstao,recommendation,ALL OF MY SIGNATURE PERFUMES I'VE EVER WORN | 14 PERFUME ERAS,2023-01-23T12:44:51Z,14758.0,551.0,61.0,16,59
CINH4_HXUUE,informative,INITIO PARFUMS Buying Guide | THE BEST PERFUMES TO GET FROM THE LINE,2023-01-20T14:18:57Z,52352.0,1109.0,75.0,15,32
z6lxIxKLmnI,fun,VLOG | MOST WORN/LEAST WORN PERFUMES | PLANS & GOALS FOR 2023 + CHITCHAT | Monika Cioch,2023-01-18T15:52:11Z,7545.0,289.0,45.0,33,40
2iMFXIGfTrk,recommendation,10 PRETTY FLORAL PERFUMES I can wholeheartedly recommend from my 600+ perfume collection,2023-01-15T12:30:02Z,6938.0,305.0,16.0,12,26
G_ByeDUa01k,recommendation,11 PERFUMES THAT WILL MAKE YOU FEEL HAPPY (even if you're stuck at a job you hate ‚ò∫Ô∏è),2023-01-12T13:00:10Z,11277.0,477.0,28.0,13,53
fGUuioKfx9M,recommendation,MY 10 MOST WORN PERFUMES THIS WINTER (so far),2023-01-07T12:45:00Z,10904.0,365.0,20.0,12,1
subGTXI--FM,recommendation,I Have Expensive Taste But These 9 Affordable Perfumes Actually Smell So Luxurious,2023-01-03T14:02:03Z,36298.0,858.0,35.0,11,16
Rv-8nxApOfc,recommendation,THE ULTIMATE PERFUME LIST | 10 OVERALL BEST PERFUMES FOR WOMEN,2022-12-30T14:05:41Z,35879.0,830.0,35.0,14,0
fIEjDNsX9ks,recommendation,10 PERFUMES I'D REPURCHASE IN A HEARTBEAT IF I EVER RUN OUT,2022-12-27T16:03:37Z,16318.0,514.0,23.0,14,5
x4CsA1TYAUE,review,MY HUSBAND RATES 10 BEST SELLING PERFUMES OF 2022,2022-12-20T13:00:52Z,80827.0,1895.0,152.0,13,50
svqmbvEsLRk,fashion,"MY MINIMALISTIC LUXURY HANDBAG COLLECTION | Chanel, Hermes, Longchamp",2022-12-18T13:00:24Z,14862.0,414.0,27.0,11,34
xCvt1VNToCA,recommendation,7 OUTRAGEOUSLY GOOD PERFUMES I have to share with you from my 600+ collection,2022-12-16T12:31:13Z,9241.0,344.0,21.0,11,1
yR3FbZI4-cQ,recommendation,MY TOP 5 PERFUME DISCOVERIES OF 2022,2022-12-14T12:59:27Z,10061.0,378.0,10.0,7,9
hxwYlXFzGJQ,fun,HERMES HAUL | PERFUME + DOG ACCESSORIES & SHOES,2022-12-13T12:30:15Z,1467.0,60.0,2.0,6,29
43KvoY0qU2E,recommendation,I'm A Perfume Addict & THERE ARE 10 PERFUMES YOU NEED TO HEAR ABOUT,2022-12-11T12:30:02Z,18391.0,527.0,47.0,15,10
BL-F6EHnDws,fashion,UNBOXING MY FIRST HERMES BIRKIN + STORYTIME,2022-12-09T13:03:38Z,17055.0,444.0,65.0,15,28
fmzM0-1cbnE,recommendation,TOP 8 NICHE WINTER PERFUMES that won't smell like everyone else's perfume,2022-12-07T15:17:51Z,11332.0,450.0,18.0,13,2
oSVZO-LmSzM,fashion,GETTING MY FIRST BIRKIN VLOG üçä | come to the Herm√®s store with me,2022-12-05T13:28:19Z,13432.0,239.0,39.0,11,56
p0De58adB5I,recommendation,14 SHOW-STOPPING PERFUMES FOR VARIOUS BUDGETS | you'll smell amazing,2022-12-03T13:15:30Z,28798.0,799.0,41.0,17,32
UcUUAZn4Xq0,fun,"DECORATE CHRISTMAS TREE WITH ME & HUGE FASHION HAUL FROM BLACK FRIDAY SALES | MAGDA BUTRYM, TOTEME",2022-12-01T14:07:44Z,2381.0,110.0,25.0,27,50
P3LwShkkntE,recommendation,9 PARTY SEASON PERFUME STAPLES that will give a stunning finishing touch to your look,2022-11-28T13:27:44Z,6751.0,297.0,20.0,15,26
g3eOqbzavFE,recommendation,11 FIRST DATE PERFUMES THAT DON'T FEEL TRY-HARD,2022-11-26T12:51:02Z,13850.0,487.0,35.0,14,3
Uck-YQHLAC8,fun,"LUXURY CANDLES, ARE THEY WORTH THE HYPE? Candle Guide",2022-11-24T13:37:53Z,18292.0,491.0,53.0,23,54
M_xgcEkGa5w,fashion,"CHANEL CLASSIC FLAP REVIEW AFTER 1 YEAR | wear & tear, how to store, regrets",2022-11-22T13:03:39Z,16797.0,220.0,22.0,17,51
dp_VfVfJMII,recommendation,I'M A PERFUME COLLECTOR AND THESE ARE THE 13 FRAGRANCES I'LL BE WEARING THIS WINTER,2022-11-18T13:38:25Z,18957.0,568.0,25.0,20,47
Jd_8Zxo2ilM,recommendation,The Only 6 Perfumes Every Woman Needs In Her Collection ( these will cover you for every situation ),2022-11-16T13:00:12Z,110403.0,1877.0,69.0,8,30
Bnpq-bgyV0I,recommendation,Perfumes I Smelled Once & Had To Get Them Straightaway | love at first sample,2022-11-12T12:00:07Z,30333.0,768.0,53.0,15,5
YAx5tkZz6bI,fun,FEW DAYS IN FLORENCE and NEW FALL WARDROBE HAUL,2022-11-09T12:03:33Z,2305.0,109.0,11.0,22,46
_XQUADkOHO0,fashion,"MY EVERYDAY JEWELLERY COLLECTION | Cartier, Mejuri, Vintage",2022-11-04T11:30:10Z,21004.0,317.0,20.0,17,11
Z97qSEWp4uo,recommendation,6 NEW ADDITIONS TO MY 600+ PERFUME COLLECTION ( these are the 6 that blew me away ),2022-11-01T12:49:22Z,5439.0,198.0,6.0,10,33
bFbBXESVbUo,recommendation,I HAVE OVER 600 PERFUMES BUT THESE ARE THE 12 I ACTUALLY WEAR,2022-10-29T14:52:38Z,113151.0,2667.0,169.0,13,41
hGCyYyMJKyk,informative,LE LABO FRAGRANCE LINE | Buying Guide,2022-10-27T12:50:28Z,58727.0,847.0,56.0,10,46
EYBGLNZWzA4,recommendation,THE ONLY 6 PERFUMES YOU NEED THIS FALL,2022-10-24T13:23:21Z,6440.0,264.0,8.0,8,47
IULUtIUcYn8,fun,VLOG: FRENCH RIVIERA TRIP + SHOPPING + MOST AMAZING TRUFFLE PASTA + NEW PERFUME LAUNCHES,2022-10-22T13:49:22Z,1748.0,80.0,17.0,15,21
KnoPzTqLn64,recommendation,I'm Shocked That These Perfumes Smell So Good  | I fell in love with these,2022-10-16T11:00:12Z,7628.0,242.0,11.0,11,57
c1niV8P-twM,recommendation,My Husband's 5 Favourite Perfumes ATM + 3 Best Beauty Products Ever,2022-10-15T12:00:19Z,13169.0,393.0,30.0,10,51
UnDROM6n-UA,recommendation,6 Perfumes I'll Never Stop Recommending (they are just that good),2022-10-01T11:00:17Z,11491.0,377.0,14.0,9,4
bjpoEDRPhcM,recommendation,TOP 7 UNIQUE EVERYDAY PERFUMES FOR WOMEN that you'll never get tired of,2022-09-28T13:00:03Z,16749.0,472.0,24.0,12,12
TstHB8D1_f4,recommendation,9 Incredibly Comforting & Relaxing Perfumes That Will Make You Feel Zen,2022-09-24T12:16:27Z,8963.0,336.0,13.0,11,59
xkycx0v_jE0,recommendation,"THESE 8 PERFUMES LAYER LIKE A DREAM, I have to tell you about these üôå",2022-09-20T14:44:49Z,4799.0,198.0,19.0,8,1
6N0MAH7QLt4,recommendation,8 Gorgeous Perfumes That Will Make You STAND OUT,2022-09-11T11:30:04Z,7751.0,313.0,16.0,8,34
xW0H89-JLP8,review,PRADA PARADOXE Perfume Review,2022-09-09T13:09:11Z,29844.0,490.0,50.0,3,38
A4LecCzYEQ4,fashion,CHYPRE SANDALS HERMES REVIEW (After 6 Months),2022-09-04T10:00:09Z,2002.0,38.0,3.0,9,37
_djazZ_8QuU,review,SANTAL 33 Le Labo | Review,2022-09-01T14:05:48Z,51219.0,576.0,72.0,6,53
WOQNfqBsBO4,recommendation,7 PERFUMES THAT WILL *NEVER* GO OUT OF STYLE ( investment pieces),2022-08-27T11:30:16Z,5158.0,183.0,13.0,10,8
_r6WL8WHwhU,recommendation,7 MUST HAVE FALL NICHE PERFUMES,2022-08-20T11:45:03Z,7456.0,302.0,12.0,9,55
zMP8XYb9Mzk,recommendation,THE ONLY 5 PERFUMES YOU NEED,2022-08-13T11:15:03Z,13252.0,437.0,21.0,8,1
zSqLksr_nKA,recommendation,"8 Perfumes That Make Me Excited For FALL | Warm, cozy perfumes",2022-08-08T11:00:38Z,6712.0,304.0,17.0,13,12
pHzlMXLDvWQ,informative,YSL LIBRE EDT vs EDP vs INTENSE | WATCH BEFORE YOU BUY,2022-08-06T11:00:26Z,64954.0,923.0,69.0,8,1
OOvHMgRZQA0,recommendation,THE BEST 14 ZARA PERFUMES full stop,2022-08-01T17:08:53Z,58714.0,1079.0,53.0,18,36
SeecDy3MjpQ,recommendation,8 Most ICONIC PERFUMES Of All Time & their stories,2022-07-29T12:55:37Z,5229.0,228.0,28.0,13,23
FjZYsNHmQZ0,recommendation,7 Criminally Underrated Perfumes That are 5 ‚≠ê,2022-07-23T11:32:11Z,4232.0,198.0,17.0,9,54
IYktvxxBaMo,recommendation,6 MOST UNIQUE Summer üåû Perfumes,2022-07-16T13:40:27Z,5911.0,209.0,15.0,10,49
8PXhVHuhrBI,recommendation,Top 10 MOST COMPLIMENTED PERFUMES According To TIKTOK,2022-07-12T12:47:56Z,20791.0,534.0,27.0,8,53
ceZxP_Ae8H8,recommendation,BYREDO Fragrances That Are Worth Your Money *Ranked By Me,2022-07-05T14:44:11Z,52396.0,885.0,70.0,12,15
paNioCLG-Dc,recommendation,7 PERFUMES that MEN GO CRAZY FOR,2022-07-03T12:00:24Z,119867.0,2180.0,100.0,8,1
0dKXgRk9lPE,informative,BDK Gris Charnel Extrait De Parfum VS Eau De Parfum | Watch Before You Buy,2022-07-01T11:40:30Z,30577.0,686.0,48.0,9,30
Xhcj8zMMhpg,review,man reacts to 20 MEN KILLER PERFUMES in 2 minutes!,2022-06-28T12:50:08Z,219506.0,4232.0,115.0,2,24
3-KxmPfr-zQ,recommendation,MOST WORN PERFUMES this year so far (these are the best),2022-06-22T10:48:41Z,3949.0,186.0,8.0,12,54
-hO-3vpH6bc,informative,ESCENTRIC MOLECULES Fragrance Line | BUYING GUIDE,2022-06-20T12:30:26Z,37596.0,1016.0,38.0,10,53
wdwqESYcFLY,review,Versace Dylan Blue For Her Review | Is it worth it in 2022?,2022-06-17T14:19:28Z,21939.0,316.0,22.0,7,39
b73qGHE9yFc,review,SOLEIL BLANC EAU DE PARFUM Tom Ford | is it worth the hype?,2022-06-14T12:32:54Z,40704.0,550.0,56.0,8,36
bDz8q45FDaw,fun,STORYTIME | How And Why I Ended Up With 2 Chanel White Classic Flap Bags,2022-06-04T12:00:19Z,8890.0,87.0,17.0,13,38
a6ONB2YUTg0,recommendation,The Best Dior Fragrances For Women,2022-06-02T12:49:33Z,29818.0,504.0,31.0,12,45
9UEU2yb76lY,review,"My Husband BLIND GUESSES PERFUME Prices | ARMANI, ZARA, ZADIG & VOLTAIRE",2022-05-30T13:23:10Z,7692.0,277.0,25.0,13,28
3cK61aHr3fo,recommendation,7 Things I Wish I Bought Much Sooner *buy them now,2022-05-28T11:15:00Z,3573.0,157.0,23.0,13,41
6vVVPYh_b_Y,recommendation,CONFIDENCE Boosting PERFUMES For Women *project confidence with these,2022-05-25T13:29:19Z,4320.0,199.0,24.0,12,28
bIVu3-M8wKE,informative,BDK Parfums | Fragrance Buing Guide,2022-05-19T11:30:13Z,37810.0,982.0,68.0,19,8
aqiIiatn5mA,recommendation,8 Fragrances I'll Be Wearing This Week | FRAGRANCE DIARIES,2022-05-16T13:30:02Z,1966.0,124.0,10.0,11,53
Fg_pPQ5YHmo,review,Oud Satin Mood Eau De Parfum vs Extrait  MFK fragrance review,2022-05-14T11:30:06Z,50130.0,766.0,121.0,10,57
3mKRgXva6Ts,fun,"VLOG | go to an event with me, fragrance haul, shopping for a new Balenciaga bag",2022-05-12T12:30:00Z,1739.0,85.0,15.0,17,15
ZAyvwpg-6ig,recommendation,7 Perfect EVERYDAY Fragrances For Women | super versatile,2022-05-09T11:30:07Z,6093.0,230.0,16.0,11,51
zDY71UFrItA,recommendation,6 Fragrances Social Media Made Me Buy | ANY REGRETS?,2022-05-07T11:00:29Z,2499.0,149.0,22.0,6,17
MHG2kqXbPtI,review,MON GUERLAIN Eau De Parfum Review,2022-05-05T13:12:46Z,12873.0,270.0,13.0,8,3
gidZRJFlxjU,fashion,Hermes Unboxing üçä| new shoes,2022-05-03T13:19:03Z,1922.0,47.0,9.0,9,8
F_Vad2NyXr4,review,"My HUSBAND Rates My Favourite Perfumes | Creed, MFK, Mugler, Atelier Materi",2022-05-01T11:15:01Z,6010.0,263.0,20.0,16,47
hFzeIr3Y_2Q,fashion,CHANEL UNBOXING | can't believe I found it!,2022-04-29T13:06:51Z,2748.0,69.0,18.0,6,20
ynXecQ533Co,recommendation,11 FRESH & CLEAN Perfumes For Women,2022-04-27T12:15:05Z,5265.0,205.0,13.0,14,38
3_48WIRKRxE,fashion,DO I REGRET GETTING A CHANEL LAMBSKIN CLASSIC FLAP BAG?,2022-04-25T13:14:22Z,27309.0,294.0,36.0,9,23
-aheAExGfC0,recommendation,my 9 MOST COMPLIMENTED Perfumes of ALL TIME,2022-04-23T10:45:00Z,18144.0,480.0,19.0,18,48
_fR_sUck5Yw,recommendation,8 SMELL RICH & UNBOTHERED Perfumes For Women,2022-04-21T11:23:47Z,10900.0,329.0,13.0,16,41
ytUmHJbp3DU,recommendation,KEEP ONLY 5 PERFUMES FOR LIFE,2022-04-19T12:17:15Z,8659.0,277.0,26.0,10,11
RRdXkmCiDDo,recommendation,6 Affordable SIGNATURE WORTHY Perfumes,2022-04-16T12:45:01Z,3212.0,156.0,22.0,9,38
YfhXFLnX2-s,recommendation,8 Fragrances For Men That I Wear Myself Anyway | THESE ARE SOOO GOOD,2022-04-14T14:10:26Z,1632.0,95.0,13.0,12,35
5GSOUR19Ggk,recommendation,Top Spring Fragrances For Women 2022,2022-04-11T16:22:30Z,5714.0,241.0,11.0,15,9
idqKr152NFc,recommendation,Celebrity Perfumes That Are Actually Good!,2022-04-09T13:07:53Z,2894.0,121.0,14.0,9,2
BAFzIx7oOME,recommendation,My Cute Miniature Fragrance Collection | Niche and Designer,2022-04-02T12:30:04Z,7047.0,171.0,9.0,14,31
wWl12iZU9F0,recommendation,other than DELINA | BEST OF Parfums de Marly fragrances,2022-03-31T14:53:03Z,5219.0,160.0,13.0,9,9
LyPG_9cGtic,recommendation,worth the hype? GYPSY WATER BYREDO + alternative fragrances,2022-03-29T13:29:38Z,46500.0,560.0,79.0,9,10
yXG1CRXSqgc,recommendation,9 absolutely STUNNING PERFUMES | pretty florals,2022-03-27T12:00:22Z,8529.0,314.0,25.0,16,40
y_woaAocH6g,review,YSL Black Opium Illicit Green Review,2022-03-24T12:30:17Z,5942.0,140.0,9.0,4,41
ZkksrgLFl-Q,review,"MY HUSBAND RATES SEXIEST WOMEN'S PERFUMES | hypnotic poison, la vie est belle, mon Guerlain",2022-03-22T12:20:28Z,15052.0,346.0,24.0,14,12
FjC58eF8i4Q,fashion,HERM√àS CHYPRE SANDALS unboxing & sizing tips üçä,2022-03-17T14:37:58Z,9708.0,81.0,9.0,7,10
nRIPVfcYiFU,informative,REPLICA Maison Margiela Fragrance Line | BUYING GUIDE,2022-03-15T15:00:21Z,119948.0,2226.0,112.0,15,23
w9xfiUtQdo4,fun,Declutter My Fragrance Collection With Me | getting rid of 40+ fragrances,2022-03-12T12:30:30Z,6650.0,238.0,17.0,19,42
nTslPG4WV3c,recommendation,Don't Buy These Popular Fragrances For Women ‚ùå Buy Those Instead,2022-03-08T15:47:50Z,3796.0,180.0,14.0,11,0
dEYW5GRv-ns,recommendation,Top 10 Niche Fragrances For Women,2022-03-05T13:04:25Z,37980.0,877.0,41.0,13,18
qsLy1ZU-rvg,informative,9 BEST CHANEL PERFUMES OF ALL TIME | buying guide,2022-03-01T14:34:21Z,81738.0,1804.0,90.0,15,38
DAY36nv6pjU,fashion,"FASHION SPRING HAUL from NET-A-PORTER | Toteme, Manolo Blahnik",2022-02-26T13:06:57Z,4500.0,93.0,11.0,12,8
q2-fDbcRhtk,recommendation,"February BEAUTY Favourites | Gisou, Byredo, Armani",2022-02-24T13:46:56Z,1396.0,82.0,8.0,10,59
huqPvue1_Ro,recommendation,9 MUST HAVE NICHE PERFUMES For Spring/Summer,2022-02-23T12:46:38Z,19037.0,465.0,48.0,11,53
A-X96OfP-M0,review,I NEED TO STOP... MASSIVE LUXURY FRAGRANCE HAUL,2022-02-18T13:27:33Z,3733.0,155.0,18.0,22,21
Vq1WzTy_n9k,recommendation,10/10 Perfumes For Women | best perfumes in my collection,2022-02-15T15:00:31Z,8289.0,286.0,22.0,13,48
T9ENySlRCZ0,recommendation,My Luxury Wish List 2022,2022-02-13T12:00:11Z,1577.0,74.0,16.0,10,37
_5Je_F2Qg3M,recommendation,Top 10 VALENTINE'S DAY Perfumes | smell delicious and unique,2022-02-10T12:26:08Z,10982.0,281.0,24.0,12,13
PBkGNsGlx44,recommendation,"Keep ONLY 1 Fragrance For Life From EACH DESIGNER House | CHANEL, ARMANI, GUERLAIN, DIOR",2022-02-07T12:38:27Z,2686.0,147.0,16.0,7,15
GxOFzaQASdM,fun,What's In My Bag 2022 | everyday essentials,2022-02-05T12:30:10Z,12120.0,252.0,10.0,9,10
oWT_p2H47FI,review,"FIRST FRAGRANCE HAUL 2022 | NISHANE, MEMOIZE LONDON, PERRIS MONTECARLO samples",2022-02-03T13:15:00Z,6073.0,144.0,23.0,13,34
AMTbQFUvUjc,recommendation,6 Fragrances I'm Obsessed With ATM | I am wearing these all the time,2022-02-01T16:45:00Z,2337.0,107.0,10.0,10,37
hqe3Jd8kL0o,fashion,"How To Get A Chanel Classic Flap in 2022 | tricks and tips, new quota bag system",2022-01-29T11:00:34Z,25901.0,290.0,51.0,13,22
vNC3Jey9OO4,fashion,5 absolute BEST MUGLER Perfumes...other than ALIEN,2022-01-27T18:05:03Z,5520.0,133.0,19.0,8,45
LpNvkbv1Wu4,fashion,10 Sexiest Perfumes For Women | fragrances that make me feel confident & sexy,2022-01-22T14:00:17Z,6834.0,241.0,15.0,14,18
e1W9G47HcRk,fashion,BEST MAKEUP PRODUCTS | Minimalist Basics,2022-01-17T14:55:21Z,1749.0,99.0,16.0,20,10
OjMyfzXfTAs,recommendation,my luxury perfume WISHLIST 2022,2022-01-10T14:01:59Z,1665.0,88.0,20.0,13,28
WSwI226jVKM,review,Gucci Bloom Perfume Review,2022-01-06T15:43:25Z,15865.0,208.0,18.0,6,50
6Uh5UhPoBmY,review,VERSACE CRYSTAL NOIR perfume review,2021-12-21T16:11:25Z,57757.0,768.0,67.0,6,15
EEQ1pNdRDMs,fashion,my first Chanel bag | UNBOXING & SHOPPING IN HARRODS,2021-12-18T14:03:44Z,18822.0,311.0,30.0,16,53
SMVEgtMgc7o,recommendation,Top SEXIEST popular perfumes rated by A MAN | are these any good?,2021-12-17T19:04:35Z,32944.0,802.0,41.0,15,41
xkFFknqnxsw,recommendation,Best And Worst Purchases Of 2021,2021-12-15T12:30:24Z,889.0,45.0,6.0,14,57
kRwC3NCtiPQ,review,Chanel Coco Noir Eau De Parfum Review,2021-12-10T12:30:09Z,2871.0,111.0,9.0,10,22
odQPkRDbWAI,recommendation,6 Man Killer Perfumes,2021-12-09T12:15:04Z,4897.0,191.0,13.0,14,18
pg6DNsZ6lAM,recommendation,fragrances I packed on a 3 day trip.... *obsessed with these*,2021-12-08T12:00:26Z,958.0,49.0,8.0,5,35
2tZJBuLxS50,fun,MY APARTMENT TOUR HELSINKI Finland,2021-11-30T18:48:09Z,14900.0,333.0,38.0,11,13
PD2vgOX5Il0,recommendation,perfumes to keep you cozy this winter,2021-11-26T17:15:54Z,1755.0,93.0,10.0,15,47
HzexE5Aof9U,recommendation,BEST DUPES FOR BACCARAT ROUGE 540 FRAGRANCE | similar perfumes you might love,2021-11-15T16:00:05Z,7094.0,137.0,17.0,16,0
DUtl71oT0MI,review,Chanel Coco Mademoiselle Eau De Parfum Intense Review,2021-11-12T15:30:01Z,84096.0,5553.0,91.0,5,26
bvc58-XM0-o,fun,'Panth√®re de Cartier' Watch Review | pros & cons | new vs secondhand,2021-11-10T15:49:42Z,79762.0,868.0,69.0,16,39
OUtLyQ2DH_A,recommendation,Top 5 LONG-LASTING üçÇ  Fall Perfumes For Women,2021-11-08T16:00:41Z,2474.0,122.0,13.0,11,5
506CJwgJ02c,recommendation,5 SEXY PERFUMES for women **RATED BY MEN**,2021-11-04T18:52:56Z,108382.0,1751.0,95.0,11,30
m0T9MWQrit4,review,ORIANA Parfum De Marly Review **watch before you buy**,2021-10-29T14:15:05Z,7580.0,197.0,15.0,6,22
_P-gDQ5xAQI,recommendation,ONLY 3 FRAGRANCES FOR LIFE,2021-10-28T15:33:14Z,2301.0,99.0,8.0,5,15
uGspA5HkK3M,review,"BIG FRAGRANCE HAUL üõç Dior, Initio, Guerlain, YSL",2021-10-22T16:51:13Z,1237.0,89.0,6.0,9,54
7RWDRRjTsYU,fun,"COSY AUTUMN DAY IN THE LIFE üçÅ | pumpkin picking, decorating the house for fall",2021-10-19T15:45:01Z,1030.0,48.0,12.0,11,59
lWj9WoUFu9A,recommendation,TOP 10 Fragrances For Women,2021-10-14T13:25:21Z,2091.0,132.0,12.0,17,7
4z67y3EY92M,fun,that was a complete fail...,2021-10-12T14:43:49Z,925.0,52.0,11.0,12,39
IwgGU5NWDUc,fun,12 TRAVEL ‚úàÔ∏è Fragrances We Took To Norway | FOR MEN AND WOMEN,2021-10-08T15:07:40Z,3177.0,123.0,13.0,11,19
6BdWcCzyDS8,fun,DAILY VLOG üá≥üá¥ shopping Scandinavian fashion // car accident // future plans,2021-09-24T15:51:27Z,3416.0,105.0,17.0,16,13
21yQxyTCH2k,recommendation,TOP 7 TOOTHACHE INDUCING Seductive Perfumes,2021-03-02T17:16:01Z,2807.0,109.0,13.0,12,13
YHAZB6MUjSs,recommendation,6 NEW Roja Parfums ESSENCE DE PARFUM Fragrances For Women,2021-02-23T18:13:38Z,11193.0,301.0,37.0,15,14
5nFZhOXHgdY,recommendation,other than Baccarat Rouge 540 | BEST OF Maison Francis Kurkdjian fragrances,2021-02-17T19:15:01Z,40355.0,632.0,59.0,8,33
68mozG-N6Dg,shorts,5 sexy perfumes for women #shorts,2021-02-17T12:52:21Z,84071.0,1771.0,20.0,11,0
aNSeGSSviy8,recommendation,TOP 6 AFFORDABLE PERFUMES that don't break the üí∏üí∞ | smell delicious on a budget,2021-02-15T20:16:15Z,5443.0,209.0,29.0,8,28
_WYnrR74gGQ,recommendation,Sassy & Savage | 10 VALENTINE'S DAY FRAGRANCES FOR WOMEN,2021-02-12T21:49:26Z,3170.0,209.0,48.0,14,32
hDIdWNPaXyE,review,üåπNEW Delina La Ros√©e vs Delina Parfums de Marly | First Impressions,2021-02-11T16:00:11Z,6925.0,152.0,15.0,7,9
Vul4OCOK7-k,recommendation,Top 10 Designer Perfumes For Women | unique fragrances,2021-02-09T17:15:00Z,4196.0,161.0,22.0,14,40
q5h7ZPBuLo4,fashion,Are Gucci Trainers WORTH IT? | review after 4 years,2021-02-02T17:15:03Z,1262.0,33.0,8.0,10,12
N4RL0A5znnw,recommendation,My Full PERFUME COLLECTION | Part 2 | unique fragrances,2021-01-30T14:46:46Z,2515.0,116.0,28.0,11,48
R7w9ZxZeKqE,recommendation,My Full PERFUME COLLECTION | Part 1 | luxury & designer fragrances,2021-01-26T17:15:00Z,4344.0,195.0,36.0,12,39
nokJqRnq4U0,informative,How To Start A Perfume Collection in 2021| From Scratch,2021-01-19T17:15:01Z,7016.0,209.0,20.0,8,10
6lz0JqY3_70,informative,How To Apply Perfume | make your fragrance last long,2021-01-14T17:15:01Z,2169.0,96.0,12.0,5,59
zYdXuvLGjXk,recommendation,9 Best Intoxicating Perfumes,2021-01-12T17:15:02Z,6295.0,211.0,17.0,13,3
9quErt2CR0w,recommendation,My nr1 Perfume ATM,2021-01-05T17:00:04Z,1310.0,57.0,9.0,4,40
Texx5FOrqMM,recommendation,TOP 5 NON-BASIC Perfumes | you can wear all day long,2020-12-29T17:15:04Z,2441.0,105.0,16.0,9,3
t9OF1xy5GLA,recommendation,What I'm Wearing For Christmas This Unusual Year,2020-12-24T14:25:38Z,755.0,51.0,15.0,1,17
50wGYAauog4,recommendation,"10/10 Everyday Perfumes | work, school perfumes",2020-12-22T17:15:01Z,23848.0,549.0,30.0,15,33
s77d_kujrjc,recommendation,TOP Men Killer Perfumes For Women | men love these fragrances,2020-12-15T17:15:02Z,19320.0,441.0,30.0,11,42
Yj6ci-mp6g8,recommendation,Top 10 LUXURY perfumes for her | unique and sexy,2020-12-08T17:00:29Z,4829.0,145.0,17.0,12,33
2iEYcD_Do6I,recommendation,Popular Perfumes I HATE.... and why,2020-12-01T18:00:02Z,7614.0,268.0,66.0,10,52
1osJbCOiX4A,recommendation,5 Celebrity Perfumes That Actually Smell Good,2020-11-24T17:00:01Z,3840.0,153.0,20.0,9,4
RQvYkh1bTFQ,recommendation,6 Most Complimented Perfumes 2020,2020-11-16T18:30:01Z,13863.0,374.0,33.0,11,23
PHDjbMOumL0,fun,Sort Out My Fragrance Collection With Me | VLOG,2020-10-28T17:45:02Z,1987.0,74.0,8.0,9,14
